"rep","var","wregime","das","depth","wexr","rld"
1,"MOROB","WWATER",14,5,0.203209,0.03031
1,"MOROB","WWATER",14,15,0.264694,0.197895
1,"MOROB","WWATER",14,25,0.295602,0.223055
1,"MOROB","WWATER",14,35,0.384885,0.22594
1,"MOROB","WWATER",14,45,0.261322,0.327125
1,"MOROB","WWATER",14,55,0.248169,0.0452
1,"MOROB","WWATER",14,65,0.319815,0
1,"MOROB","WWATER",21,5,0.391028,0.03394
1,"MOROB","WWATER",21,15,0.243729,0.78193
1,"MOROB","WWATER",21,25,0.214986,0.349135
1,"MOROB","WWATER",21,35,0.209472,0.36974
1,"MOROB","WWATER",21,45,0.267515,0.60427
1,"MOROB","WWATER",21,55,0.335377,0.46051
1,"MOROB","WWATER",21,65,0.39603,0.40974
1,"MOROB","WWATER",35,5,0.054011,0.675995
1,"MOROB","WWATER",35,15,0.990174,0.784965
1,"MOROB","WWATER",35,25,1.291562,0.536975
1,"MOROB","WWATER",35,35,1.264609,0.441895
1,"MOROB","WWATER",35,45,1.277195,0.46753
1,"MOROB","WWATER",35,55,1.078098,0.448915
1,"MOROB","WWATER",35,65,1.032459,0.92238
1,"MOROB","WWATER",42,5,-0.048523,0.857295
1,"MOROB","WWATER",42,15,0.323401,1.235715
1,"MOROB","WWATER",42,25,0.247934,0.91684
1,"MOROB","WWATER",42,35,0.892197,0.709315
1,"MOROB","WWATER",42,45,1.629903,1.168085
1,"MOROB","WWATER",42,55,1.471693,1.41852
1,"MOROB","WWATER",42,65,1.044737,1.72237
1,"MOROB","WWATER",49,5,0.102295,0.75635
1,"MOROB","WWATER",49,15,1.052772,1.085205
1,"MOROB","WWATER",49,25,0.114689,0.749935
1,"MOROB","WWATER",49,35,0.790919,0.6382
1,"MOROB","WWATER",49,45,1.657341,1.04256
1,"MOROB","WWATER",49,55,1.856496,1.086125
1,"MOROB","WWATER",49,65,1.38139,1.18662
1,"MOROB","WWATER",62,5,0.12503,0.718905
1,"MOROB","WWATER",62,15,0.004691,0.84698
1,"MOROB","WWATER",62,25,0.085918,0.253755
1,"MOROB","WWATER",62,35,0.016662,0.543925
1,"MOROB","WWATER",62,45,0.025273,0.91399
1,"MOROB","WWATER",62,55,0.836101,0.87392
1,"MOROB","WWATER",62,65,3.074589,1.04613
1,"MOROB","WWATER",69,5,0.10554,0.569875
1,"MOROB","WWATER",69,15,0.014975,0.70267
1,"MOROB","WWATER",69,25,0.103573,0.389045
1,"MOROB","WWATER",69,35,0.172644,0.260375
1,"MOROB","WWATER",69,45,0.045753,0.764755
1,"MOROB","WWATER",69,55,0.255686,0.736285
1,"MOROB","WWATER",69,65,1.114187,0.95826
1,"MOROB","WWATER",83,5,1.697987,0.374495
1,"MOROB","WWATER",83,15,1.625948,0.56776
1,"MOROB","WWATER",83,25,1.327779,0.30552
1,"MOROB","WWATER",83,35,1.331806,0.36836
1,"MOROB","WWATER",83,45,1.724291,0.836125
1,"MOROB","WWATER",83,55,1.353119,0.1429
1,"MOROB","WWATER",83,65,1.544155,0.40127
1,"MOROB","WWATER",90,5,1.697998,0.1985
1,"MOROB","WWATER",90,15,1.142993,0.3457
1,"MOROB","WWATER",90,25,1.263351,0.18906
1,"MOROB","WWATER",90,35,1.134726,0.15511
1,"MOROB","WWATER",90,45,1.081689,0.51181
1,"MOROB","WWATER",90,55,1.110438,0.243215
1,"MOROB","WWATER",90,65,0.973272,0.03096
2,"MOROB","WWATER",14,5,0.161848,0.11983
2,"MOROB","WWATER",14,15,0.229069,0.034655
2,"MOROB","WWATER",14,25,0.246024,0.251915
2,"MOROB","WWATER",14,35,0.216118,0.459635
2,"MOROB","WWATER",14,45,0.286363,0.09544
2,"MOROB","WWATER",14,55,4.161295,0.153205
2,"MOROB","WWATER",14,65,-0.358642,0.3247
2,"MOROB","WWATER",21,5,0.392751,0.394195
2,"MOROB","WWATER",21,15,0.319124,0.456635
2,"MOROB","WWATER",21,25,0.239788,0.465585
2,"MOROB","WWATER",21,35,0.17824,0.4835
2,"MOROB","WWATER",21,45,0.198362,0.35347
2,"MOROB","WWATER",21,55,1.922856,0.447065
2,"MOROB","WWATER",21,65,0.25494,0.28762
2,"MOROB","WWATER",35,5,0.366266,0.616705
2,"MOROB","WWATER",35,15,1.769625,0.869275
2,"MOROB","WWATER",35,25,1.196434,0.58014
2,"MOROB","WWATER",35,35,1.198851,0.67459
2,"MOROB","WWATER",35,45,0.95686,0.395485
2,"MOROB","WWATER",35,55,0.786838,0.4448
2,"MOROB","WWATER",35,65,0.818832,0.74243
2,"MOROB","WWATER",42,5,-0.028525,0.558605
2,"MOROB","WWATER",42,15,0.864582,1.09974
2,"MOROB","WWATER",42,25,0.733712,0.905525
2,"MOROB","WWATER",42,35,0.407462,1.24556
2,"MOROB","WWATER",42,45,0.962732,0.73114
2,"MOROB","WWATER",42,55,0.691703,0.899215
2,"MOROB","WWATER",42,65,0.585433,1.56117
2,"MOROB","WWATER",49,5,0.804443,0.546465
2,"MOROB","WWATER",49,15,0.601279,1.048795
2,"MOROB","WWATER",49,25,0.678577,1.06203
2,"MOROB","WWATER",49,35,1.080195,1.455955
2,"MOROB","WWATER",49,45,1.957054,0.89466
2,"MOROB","WWATER",49,55,0.860132,1.20942
2,"MOROB","WWATER",49,65,0.470489,1.77022
2,"MOROB","WWATER",62,5,0.047384,0.24196
2,"MOROB","WWATER",62,15,0.024915,0.61245
2,"MOROB","WWATER",62,25,0.003478,0.98365
2,"MOROB","WWATER",62,35,0.011254,1.10058
2,"MOROB","WWATER",62,45,0.005697,1.074005
2,"MOROB","WWATER",62,55,1.04741,1.12756
2,"MOROB","WWATER",62,65,0.919184,1.13547
2,"MOROB","WWATER",69,5,-0.061047,0.160725
2,"MOROB","WWATER",69,15,0.052346,1.17346
2,"MOROB","WWATER",69,25,-0.019355,0.443715
2,"MOROB","WWATER",69,35,0.059078,0.93923
2,"MOROB","WWATER",69,45,0.19549,0.329845
2,"MOROB","WWATER",69,55,-0.014625,0.520765
2,"MOROB","WWATER",69,65,0.911453,0.40077
2,"MOROB","WWATER",83,5,2.258351,0.084875
2,"MOROB","WWATER",83,15,1.536069,0.71663
2,"MOROB","WWATER",83,25,1.839762,0.20864
2,"MOROB","WWATER",83,35,1.742548,0.20188
2,"MOROB","WWATER",83,45,1.761855,0.025625
2,"MOROB","WWATER",83,55,3.059113,0.040065
2,"MOROB","WWATER",83,65,1.573426,0.08929
2,"MOROB","WWATER",90,5,1.210306,0.10865
2,"MOROB","WWATER",90,15,1.667201,0.889125
2,"MOROB","WWATER",90,25,1.720405,0.31074
2,"MOROB","WWATER",90,35,1.699534,0.262495
2,"MOROB","WWATER",90,45,1.671039,0.11207
2,"MOROB","WWATER",90,55,1.705977,0
2,"MOROB","WWATER",90,65,1.640495,0
3,"MOROB","WWATER",14,5,0.185836,0.004335
3,"MOROB","WWATER",14,15,0.178292,0.024545
3,"MOROB","WWATER",14,25,0.163211,0.14235
3,"MOROB","WWATER",14,35,0.167448,0.166395
3,"MOROB","WWATER",14,45,0.198362,0.330195
3,"MOROB","WWATER",14,55,0.237874,0.490005
3,"MOROB","WWATER",14,65,0.25494,0.61994
3,"MOROB","WWATER",21,5,0.232394,0.113925
3,"MOROB","WWATER",21,15,0.129802,0.03565
3,"MOROB","WWATER",21,25,0.149408,0.106305
3,"MOROB","WWATER",21,35,0.150309,0.127965
3,"MOROB","WWATER",21,45,0.145911,0.297935
3,"MOROB","WWATER",21,55,0.171841,0.677075
3,"MOROB","WWATER",21,65,0.175553,0.6506
3,"MOROB","WWATER",35,5,0.975974,0.10822
3,"MOROB","WWATER",35,15,1.841516,0.506985
3,"MOROB","WWATER",35,25,0.592237,0.673655
3,"MOROB","WWATER",35,35,1.342654,0.76607
3,"MOROB","WWATER",35,45,0.832197,0.572715
3,"MOROB","WWATER",35,55,0.86465,0.506745
3,"MOROB","WWATER",35,65,0.395248,0.10973
3,"MOROB","WWATER",42,5,0.365412,0.358315
3,"MOROB","WWATER",42,15,0.005846,0.74737
3,"MOROB","WWATER",42,25,0.194529,0.96302
3,"MOROB","WWATER",42,35,1.28111,1.278405
3,"MOROB","WWATER",42,45,1.117633,0.802815
3,"MOROB","WWATER",42,55,0.879587,1.154575
3,"MOROB","WWATER",42,65,0.734561,0.90073
3,"MOROB","WWATER",49,5,0.93657,0.190475
3,"MOROB","WWATER",49,15,0.804866,0.39552
3,"MOROB","WWATER",49,25,0.585164,0.721235
3,"MOROB","WWATER",49,35,1.375217,0.882485
3,"MOROB","WWATER",49,45,1.2257,0.53379
3,"MOROB","WWATER",49,55,0.798587,1.16027
3,"MOROB","WWATER",49,65,0.640694,0.87078
3,"MOROB","WWATER",62,5,1.072221,0.818585
3,"MOROB","WWATER",62,15,0.690288,0.857645
3,"MOROB","WWATER",62,25,1.8193,0.656895
3,"MOROB","WWATER",62,35,1.611277,0.79956
3,"MOROB","WWATER",62,45,1.931874,0.60552
3,"MOROB","WWATER",62,55,1.07191,1.391895
3,"MOROB","WWATER",62,65,0.437663,2.04529
3,"MOROB","WWATER",69,5,-0.022234,0.57452
3,"MOROB","WWATER",69,15,0.383433,0.424265
3,"MOROB","WWATER",69,25,0.430019,0.31379
3,"MOROB","WWATER",69,35,0.684173,0.737825
3,"MOROB","WWATER",69,45,1.347998,0.615515
3,"MOROB","WWATER",69,55,1.072811,0.940875
3,"MOROB","WWATER",69,65,1.427213,0.93725
3,"MOROB","WWATER",83,5,1.302687,0.2098
3,"MOROB","WWATER",83,15,2.489398,0.29278
3,"MOROB","WWATER",83,25,0.83285,0.176005
3,"MOROB","WWATER",83,35,1.730673,0.28784
3,"MOROB","WWATER",83,45,1.491234,0.33761
3,"MOROB","WWATER",83,55,1.523903,0.435945
3,"MOROB","WWATER",83,65,1.254395,0.1313
3,"MOROB","WWATER",90,5,1.552506,0.19059
3,"MOROB","WWATER",90,15,1.757628,0.268645
3,"MOROB","WWATER",90,25,1.65302,0.231725
3,"MOROB","WWATER",90,35,1.715389,0.3121
3,"MOROB","WWATER",90,45,1.670151,0.271935
3,"MOROB","WWATER",90,55,1.682906,0.086675
3,"MOROB","WWATER",90,65,1.414579,0
1,"MOROB","STRESS",14,5,0.14427,0.15231
1,"MOROB","STRESS",14,15,0.123782,0.251935
1,"MOROB","STRESS",14,25,0.115746,0.377285
1,"MOROB","STRESS",14,35,0.142388,0.547515
1,"MOROB","STRESS",14,45,0.094047,0.22045
1,"MOROB","STRESS",14,55,0.461667,0.06542
1,"MOROB","STRESS",14,65,0.458905,0.31995
1,"MOROB","STRESS",21,5,0.274459,0.231815
1,"MOROB","STRESS",21,15,0.265287,0.611755
1,"MOROB","STRESS",21,25,0.263491,0.34248
1,"MOROB","STRESS",21,35,0.222351,0.377085
1,"MOROB","STRESS",21,45,0.247877,0.24841
1,"MOROB","STRESS",21,55,0.242284,0.16744
1,"MOROB","STRESS",21,65,0.322436,0.35275
1,"MOROB","STRESS",35,5,0.958423,0.416335
1,"MOROB","STRESS",35,15,0.995333,0.68383
1,"MOROB","STRESS",35,25,1.207738,0.933145
1,"MOROB","STRESS",35,35,0.961402,0.60391
1,"MOROB","STRESS",35,45,0.870944,1.2006
1,"MOROB","STRESS",35,55,0.774545,0.63032
1,"MOROB","STRESS",35,65,0.804375,0.03417
1,"MOROB","STRESS",42,5,0.722689,0.326475
1,"MOROB","STRESS",42,15,0.836776,0.88984
1,"MOROB","STRESS",42,25,0.958103,1.38032
1,"MOROB","STRESS",42,35,1.204729,1.5044
1,"MOROB","STRESS",42,45,1.269432,1.44572
1,"MOROB","STRESS",42,55,1.108113,1.38013
1,"MOROB","STRESS",42,65,1.39166,1.46429
1,"MOROB","STRESS",49,5,0.544937,0.353285
1,"MOROB","STRESS",49,15,0.646069,0.43796
1,"MOROB","STRESS",49,25,0.722802,0.60689
1,"MOROB","STRESS",49,35,0.775693,0.574155
1,"MOROB","STRESS",49,45,0.810194,0.665615
1,"MOROB","STRESS",49,55,0.749186,0.546385
1,"MOROB","STRESS",49,65,0.860941,0.69731
1,"MOROB","STRESS",62,5,0.331278,0.50762
1,"MOROB","STRESS",62,15,0.379729,0.6371
1,"MOROB","STRESS",62,25,0.444396,0.96539
1,"MOROB","STRESS",62,35,0.481585,0.649995
1,"MOROB","STRESS",62,45,0.499014,0.656125
1,"MOROB","STRESS",62,55,0.509874,0.398625
1,"MOROB","STRESS",62,65,0.530323,0.64206
1,"MOROB","STRESS",69,5,0.194548,0.294065
1,"MOROB","STRESS",69,15,0.523378,0.56297
1,"MOROB","STRESS",69,25,0.747243,0.821045
1,"MOROB","STRESS",69,35,0.768563,0.957735
1,"MOROB","STRESS",69,45,0.732438,1.089715
1,"MOROB","STRESS",69,55,0.645593,1.001405
1,"MOROB","STRESS",69,65,0.621567,1.24709
1,"MOROB","STRESS",83,5,0.043546,0.7775
1,"MOROB","STRESS",83,15,0.572829,0.9083
1,"MOROB","STRESS",83,25,0.55091,0.72609
1,"MOROB","STRESS",83,35,0.307703,0.525815
1,"MOROB","STRESS",83,45,0.424576,0.6897
1,"MOROB","STRESS",83,55,0.43364,0.90671
1,"MOROB","STRESS",83,65,1.078837,0.73582
1,"MOROB","STRESS",90,5,0.01626,0.20757
1,"MOROB","STRESS",90,15,0.02227,0.17047
1,"MOROB","STRESS",90,25,0.144937,0.311915
1,"MOROB","STRESS",90,35,0.162485,0.407165
1,"MOROB","STRESS",90,45,0.360275,0.54957
1,"MOROB","STRESS",90,55,0.538514,0.557055
1,"MOROB","STRESS",90,65,0.795729,0.22429
2,"MOROB","STRESS",14,5,0.254637,0.111555
2,"MOROB","STRESS",14,15,0.258755,0.35734
2,"MOROB","STRESS",14,25,0.249859,0.43393
2,"MOROB","STRESS",14,35,0.303048,0.215685
2,"MOROB","STRESS",14,45,0.318052,0.19372
2,"MOROB","STRESS",14,55,0.354323,0.22958
2,"MOROB","STRESS",14,65,0.314849,0.10617
2,"MOROB","STRESS",21,5,0.365934,0
2,"MOROB","STRESS",21,15,0.257407,0
2,"MOROB","STRESS",21,25,0.229796,0
2,"MOROB","STRESS",21,35,0.189306,0
2,"MOROB","STRESS",21,45,0.180658,0
2,"MOROB","STRESS",21,55,0.213721,0
2,"MOROB","STRESS",21,65,0.219512,0
2,"MOROB","STRESS",35,5,0.816447,0.23319
2,"MOROB","STRESS",35,15,1.146544,0.701445
2,"MOROB","STRESS",35,25,0.748286,0.8294
2,"MOROB","STRESS",35,35,0.737055,0.65962
2,"MOROB","STRESS",35,45,0.74375,1.050845
2,"MOROB","STRESS",35,55,0.589197,0.69199
2,"MOROB","STRESS",35,65,0.586118,0.3193
2,"MOROB","STRESS",42,5,0.652555,0.01033
2,"MOROB","STRESS",42,15,0.827979,0.44101
2,"MOROB","STRESS",42,25,1.170422,0.580105
2,"MOROB","STRESS",42,35,1.377865,0.28927
2,"MOROB","STRESS",42,45,1.46162,0.609055
2,"MOROB","STRESS",42,55,1.008438,0.943825
2,"MOROB","STRESS",42,65,0.988752,0.33718
2,"MOROB","STRESS",49,5,0.521597,0.011365
2,"MOROB","STRESS",49,15,0.644714,0.32516
2,"MOROB","STRESS",49,25,0.703191,0.46367
2,"MOROB","STRESS",49,35,0.760423,0.293345
2,"MOROB","STRESS",49,45,1.006597,0.4027
2,"MOROB","STRESS",49,55,1.623046,0.308825
2,"MOROB","STRESS",49,65,1.671019,0.31189
2,"MOROB","STRESS",62,5,0.385706,0.98155
2,"MOROB","STRESS",62,15,0.404769,1.33624
2,"MOROB","STRESS",62,25,0.43033,0.56719
2,"MOROB","STRESS",62,35,0.459046,0.68661
2,"MOROB","STRESS",62,45,0.491679,0.83795
2,"MOROB","STRESS",62,55,0.506751,0.894785
2,"MOROB","STRESS",62,65,0.512023,0.83459
2,"MOROB","STRESS",69,5,1.161683,0.20112
2,"MOROB","STRESS",69,15,0.661176,0.72034
2,"MOROB","STRESS",69,25,0.462416,0.77384
2,"MOROB","STRESS",69,35,0.72725,1.000865
2,"MOROB","STRESS",69,45,0.199913,0.85881
2,"MOROB","STRESS",69,55,0.133421,0.84851
2,"MOROB","STRESS",69,65,0.139372,0.58207
2,"MOROB","STRESS",83,5,1.182375,0.532275
2,"MOROB","STRESS",83,15,1.137414,0.666895
2,"MOROB","STRESS",83,25,0.908164,0.8436
2,"MOROB","STRESS",83,35,0.833952,0.94161
2,"MOROB","STRESS",83,45,0.928866,0.765715
2,"MOROB","STRESS",83,55,0.710653,0.33911
2,"MOROB","STRESS",83,65,0.67417,0.60319
2,"MOROB","STRESS",90,5,0.247952,0.18212
2,"MOROB","STRESS",90,15,0.677056,0.491595
2,"MOROB","STRESS",90,25,1.008946,0.50982
2,"MOROB","STRESS",90,35,1.13731,0.588925
2,"MOROB","STRESS",90,45,1.222988,0.83381
2,"MOROB","STRESS",90,55,1.098104,0.35703
2,"MOROB","STRESS",90,65,1.278721,0.39388
3,"MOROB","STRESS",14,5,0.104612,0.087985
3,"MOROB","STRESS",14,15,0.108076,0.042665
3,"MOROB","STRESS",14,25,0.315515,0.069865
3,"MOROB","STRESS",14,35,0.254417,0.128845
3,"MOROB","STRESS",14,45,0.236739,0.13322
3,"MOROB","STRESS",14,55,0.281169,0.25408
3,"MOROB","STRESS",14,65,0.358642,0.07728
3,"MOROB","STRESS",21,5,0.278473,0.32526
3,"MOROB","STRESS",21,15,0.111632,0.385065
3,"MOROB","STRESS",21,25,0.098643,0.15973
3,"MOROB","STRESS",21,35,0.116089,0.303235
3,"MOROB","STRESS",21,45,0.119876,0.1953
3,"MOROB","STRESS",21,55,0.137926,0.4799
3,"MOROB","STRESS",21,65,0.094259,0.25134
3,"MOROB","STRESS",35,5,0.914257,0.811475
3,"MOROB","STRESS",35,15,0.824468,0.90243
3,"MOROB","STRESS",35,25,0.888677,0.92042
3,"MOROB","STRESS",35,35,0.858881,0.794325
3,"MOROB","STRESS",35,45,0.465287,1.34021
3,"MOROB","STRESS",35,55,0.515923,0.812745
3,"MOROB","STRESS",35,65,0.547793,0.37639
3,"MOROB","STRESS",42,5,0.78199,0.535425
3,"MOROB","STRESS",42,15,0.650723,0.91974
3,"MOROB","STRESS",42,25,1.010906,0.86428
3,"MOROB","STRESS",42,35,1.096407,0.756565
3,"MOROB","STRESS",42,45,0.608533,1.060735
3,"MOROB","STRESS",42,55,0.633585,0.97244
3,"MOROB","STRESS",42,65,0.642025,1.47716
3,"MOROB","STRESS",49,5,0.62087,0.1084
3,"MOROB","STRESS",49,15,0.548822,0.456965
3,"MOROB","STRESS",49,25,0.714946,0.196495
3,"MOROB","STRESS",49,35,0.747971,0.189025
3,"MOROB","STRESS",49,45,1.261149,0.72489
3,"MOROB","STRESS",49,55,1.064502,0.50834
3,"MOROB","STRESS",49,65,1.202754,0.80408
3,"MOROB","STRESS",62,5,0.415176,0.067405
3,"MOROB","STRESS",62,15,0.41365,0.252935
3,"MOROB","STRESS",62,25,0.420937,0.222255
3,"MOROB","STRESS",62,35,0.437326,1.07941
3,"MOROB","STRESS",62,45,0.455706,0.7081
3,"MOROB","STRESS",62,55,0.436235,0.983425
3,"MOROB","STRESS",62,65,0.563797,0.76996
3,"MOROB","STRESS",69,5,0.689754,0.418515
3,"MOROB","STRESS",69,15,1.200317,0.75326
3,"MOROB","STRESS",69,25,0.541683,0.68585
3,"MOROB","STRESS",69,35,-0.068218,0.647265
3,"MOROB","STRESS",69,45,0.156963,1.26876
3,"MOROB","STRESS",69,55,1.479285,1.412875
3,"MOROB","STRESS",69,65,1.263325,1.20485
3,"MOROB","STRESS",83,5,0.941429,0.541785
3,"MOROB","STRESS",83,15,1.535965,0.760825
3,"MOROB","STRESS",83,25,1.298209,1.32023
3,"MOROB","STRESS",83,35,1.13815,0.884165
3,"MOROB","STRESS",83,45,0.648363,1.32415
3,"MOROB","STRESS",83,55,0.505268,1.622495
3,"MOROB","STRESS",83,65,0.778894,1.07723
3,"MOROB","STRESS",90,5,0.154856,0.106725
3,"MOROB","STRESS",90,15,0.422425,0.32083
3,"MOROB","STRESS",90,25,0.863907,0.7348
3,"MOROB","STRESS",90,35,1.134546,0.64158
3,"MOROB","STRESS",90,45,1.077682,0.66568
3,"MOROB","STRESS",90,55,0.975682,0.88895
3,"MOROB","STRESS",90,65,1.106032,0.86674
4,"MOROB","WWATER",14,5,0.185836,0.186445
4,"MOROB","WWATER",14,15,0.187412,0.067005
4,"MOROB","WWATER",14,25,0.214986,0.04255
4,"MOROB","WWATER",14,35,0.298628,0.02548
4,"MOROB","WWATER",14,45,0.249413,0.16198
4,"MOROB","WWATER",14,55,0.260848,0.18927
4,"MOROB","WWATER",14,65,0.438188,0.10651
4,"MOROB","WWATER",21,5,0.19367,0.217705
4,"MOROB","WWATER",21,15,0.171926,0.283175
4,"MOROB","WWATER",21,25,0.171977,0.091465
4,"MOROB","WWATER",21,35,0.171707,0.07819
4,"MOROB","WWATER",21,45,0.143752,0.250465
4,"MOROB","WWATER",21,55,0.13261,0.3058
4,"MOROB","WWATER",21,65,0.165059,0.32638
4,"MOROB","WWATER",35,5,1.571313,0.358605
4,"MOROB","WWATER",35,15,1.104755,0.609275
4,"MOROB","WWATER",35,25,1.031371,0.69145
4,"MOROB","WWATER",35,35,0.923543,0.880765
4,"MOROB","WWATER",35,45,0.20506,0.45454
4,"MOROB","WWATER",35,55,0.718822,0.178505
4,"MOROB","WWATER",35,65,0.575764,0.04762
4,"MOROB","WWATER",42,5,-0.427611,0.12648
4,"MOROB","WWATER",42,15,1.181742,0.76352
4,"MOROB","WWATER",42,25,0.640499,1.13942
4,"MOROB","WWATER",42,35,1.306746,1.392945
4,"MOROB","WWATER",42,45,0.56274,0.61658
4,"MOROB","WWATER",42,55,0.862724,0.438435
4,"MOROB","WWATER",42,65,0.797099,0.86072
4,"MOROB","WWATER",49,5,0.342957,0.301005
4,"MOROB","WWATER",49,15,0.486054,0.916775
4,"MOROB","WWATER",49,25,0.259045,1.151205
4,"MOROB","WWATER",49,35,1.077646,1.302655
4,"MOROB","WWATER",49,45,1.224935,0.69377
4,"MOROB","WWATER",49,55,1.096912,0.676455
4,"MOROB","WWATER",49,65,0.877181,2.07587
4,"MOROB","WWATER",62,5,0.528062,0.238725
4,"MOROB","WWATER",62,15,0.601435,0.6163
4,"MOROB","WWATER",62,25,0.510961,0.922065
4,"MOROB","WWATER",62,35,0.965749,0.73866
4,"MOROB","WWATER",62,45,1.816708,0.94253
4,"MOROB","WWATER",62,55,1.347624,1.400165
4,"MOROB","WWATER",62,65,1.729773,1.26956
4,"MOROB","WWATER",69,5,0.065973,0.76443
4,"MOROB","WWATER",69,15,0.012049,0.68566
4,"MOROB","WWATER",69,25,0.190779,0.820605
4,"MOROB","WWATER",69,35,0.802926,0.6921
4,"MOROB","WWATER",69,45,0.374928,0.659785
4,"MOROB","WWATER",69,55,0.852885,1.442575
4,"MOROB","WWATER",69,65,1.811889,1.24707
4,"MOROB","WWATER",83,5,1.65766,0.656555
4,"MOROB","WWATER",83,15,1.722874,0.52562
4,"MOROB","WWATER",83,25,2.048534,0.20825
4,"MOROB","WWATER",83,35,1.694632,0.1772
4,"MOROB","WWATER",83,45,2.562169,0.099595
4,"MOROB","WWATER",83,55,1.958974,0.528705
4,"MOROB","WWATER",83,65,1.912006,0.5223
4,"MOROB","WWATER",90,5,1.422627,0.328835
4,"MOROB","WWATER",90,15,1.392331,0.35532
4,"MOROB","WWATER",90,25,1.763606,0.275635
4,"MOROB","WWATER",90,35,1.700742,0.295345
4,"MOROB","WWATER",90,45,2.275643,0.106755
4,"MOROB","WWATER",90,55,1.731032,0.42532
4,"MOROB","WWATER",90,65,1.571682,0.20554
5,"MOROB","WWATER",14,5,0.095974,0.214465
5,"MOROB","WWATER",14,15,0.161657,0.227175
5,"MOROB","WWATER",14,25,0.125511,0.31236
5,"MOROB","WWATER",14,35,0.07823,0.482115
5,"MOROB","WWATER",14,45,0.277913,0.149195
5,"MOROB","WWATER",14,55,0.163987,0.607285
5,"MOROB","WWATER",14,65,0.345183,0.40218
5,"MOROB","WWATER",21,5,0.185836,0.12852
5,"MOROB","WWATER",21,15,0.140167,0.21704
5,"MOROB","WWATER",21,25,0.161671,0.31238
5,"MOROB","WWATER",21,35,0.133802,0.591115
5,"MOROB","WWATER",21,45,0.127147,0.350555
5,"MOROB","WWATER",21,55,0.13296,0.735975
5,"MOROB","WWATER",21,65,0.165907,0.6963
5,"MOROB","WWATER",35,5,2.219521,0.637835
5,"MOROB","WWATER",35,15,2.780738,0.9984
5,"MOROB","WWATER",35,25,2.236156,0.70783
5,"MOROB","WWATER",35,35,1.64314,0.413205
5,"MOROB","WWATER",35,45,1.415181,0.194155
5,"MOROB","WWATER",35,55,1.132265,0.33318
5,"MOROB","WWATER",35,65,1.353306,0.32463
5,"MOROB","WWATER",42,5,-0.014462,0.486
5,"MOROB","WWATER",42,15,0.503177,0.93594
5,"MOROB","WWATER",42,25,0.591752,1.1672
5,"MOROB","WWATER",42,35,1.561971,0.604145
5,"MOROB","WWATER",42,45,1.490459,0.25957
5,"MOROB","WWATER",42,55,1.344784,0.349775
5,"MOROB","WWATER",42,65,1.166802,0.8404
5,"MOROB","WWATER",49,5,1.734417,0.855835
5,"MOROB","WWATER",49,15,0.610114,1.051705
5,"MOROB","WWATER",49,25,0.9932,1.00525
5,"MOROB","WWATER",49,35,1.777466,0.690985
5,"MOROB","WWATER",49,45,1.634659,0.482365
5,"MOROB","WWATER",49,55,1.3926,0.87529
5,"MOROB","WWATER",49,65,0.82177,1.09519
5,"MOROB","WWATER",62,5,0.118795,0.62127
5,"MOROB","WWATER",62,15,0.030693,0.28423
5,"MOROB","WWATER",62,25,0.405558,1.344475
5,"MOROB","WWATER",62,35,0.726949,0.562675
5,"MOROB","WWATER",62,45,1.090246,0.653685
5,"MOROB","WWATER",62,55,1.507383,0.97511
5,"MOROB","WWATER",62,65,2.043512,0.62887
5,"MOROB","WWATER",69,5,0.083948,0.467225
5,"MOROB","WWATER",69,15,0.010542,0.784955
5,"MOROB","WWATER",69,25,0.0658,0.84019
5,"MOROB","WWATER",69,35,0.862802,0.56451
5,"MOROB","WWATER",69,45,-0.010963,0.48478
5,"MOROB","WWATER",69,55,0.039345,0.70062
5,"MOROB","WWATER",69,65,1.178396,1.12948
5,"MOROB","WWATER",83,5,1.757417,0.245435
5,"MOROB","WWATER",83,15,2.074061,0.419465
5,"MOROB","WWATER",83,25,2.041201,0.16955
5,"MOROB","WWATER",83,35,1.991712,0.21832
5,"MOROB","WWATER",83,45,1.180634,0.25002
5,"MOROB","WWATER",83,55,1.498503,0.25973
5,"MOROB","WWATER",83,65,1.740308,0.75319
5,"MOROB","WWATER",90,5,1.534688,0.17354
5,"MOROB","WWATER",90,15,1.534688,0.322385
5,"MOROB","WWATER",90,25,1.538284,0.377315
5,"MOROB","WWATER",90,35,1.545478,0.374475
5,"MOROB","WWATER",90,45,1.549873,0.320555
5,"MOROB","WWATER",90,55,1.656563,0.540735
5,"MOROB","WWATER",90,65,1.691897,0.46391
6,"MOROB","WWATER",14,5,0.273086,0.12177
6,"MOROB","WWATER",14,15,0.1989,0.104005
6,"MOROB","WWATER",14,25,0.216697,0.1355
6,"MOROB","WWATER",14,35,0.299603,0.254315
6,"MOROB","WWATER",14,45,0.103009,0.152755
6,"MOROB","WWATER",14,55,0.331711,0.294115
6,"MOROB","WWATER",14,65,0.348005,0.44221
6,"MOROB","WWATER",21,5,0.228784,0.153045
6,"MOROB","WWATER",21,15,0.188735,0.23312
6,"MOROB","WWATER",21,25,2.331442,0.24361
6,"MOROB","WWATER",21,35,0.116328,0.280545
6,"MOROB","WWATER",21,45,1.260051,0.38416
6,"MOROB","WWATER",21,55,0.18128,0.38898
6,"MOROB","WWATER",21,65,0.111531,0.46778
6,"MOROB","WWATER",35,5,1.926784,0.716395
6,"MOROB","WWATER",35,15,0.920049,0.812595
6,"MOROB","WWATER",35,25,0.86841,0.28145
6,"MOROB","WWATER",35,35,0.723858,0.317435
6,"MOROB","WWATER",35,45,0.642612,0.075845
6,"MOROB","WWATER",35,55,0.512975,0.12315
6,"MOROB","WWATER",35,65,0.083352,0.14718
6,"MOROB","WWATER",42,5,1.03473,0.68679
6,"MOROB","WWATER",42,15,0.032674,1.09447
6,"MOROB","WWATER",42,25,0.790499,0.591425
6,"MOROB","WWATER",42,35,0.852108,0.33317
6,"MOROB","WWATER",42,45,0.797332,0.15915
6,"MOROB","WWATER",42,55,0.626669,0.26996
6,"MOROB","WWATER",42,65,0.493058,0.79282
6,"MOROB","WWATER",49,5,1.280377,0.632955
6,"MOROB","WWATER",49,15,0.737577,0.993755
6,"MOROB","WWATER",49,25,1.542264,0.55791
6,"MOROB","WWATER",49,35,1.347371,0.38059
6,"MOROB","WWATER",49,45,1.191512,0.30501
6,"MOROB","WWATER",49,55,0.913272,0.51205
6,"MOROB","WWATER",49,65,0.721188,1.01864
6,"MOROB","WWATER",62,5,2.542733,0.26179
6,"MOROB","WWATER",62,15,2.499205,1.06276
6,"MOROB","WWATER",62,25,2.340956,0.31377
6,"MOROB","WWATER",62,35,1.81589,0.66888
6,"MOROB","WWATER",62,45,1.029492,0.50964
6,"MOROB","WWATER",62,55,0.580363,0.52742
6,"MOROB","WWATER",62,65,0.31998,1.07144
6,"MOROB","WWATER",69,5,0.107412,0.74773
6,"MOROB","WWATER",69,15,0.113599,0.76861
6,"MOROB","WWATER",69,25,0.32883,0.575535
6,"MOROB","WWATER",69,35,0.392888,0.508955
6,"MOROB","WWATER",69,45,1.21022,0.681975
6,"MOROB","WWATER",69,55,1.364948,0.6773
6,"MOROB","WWATER",69,65,1.706293,1.05764
6,"MOROB","WWATER",83,5,1.478876,0.317935
6,"MOROB","WWATER",83,15,1.374351,0.474865
6,"MOROB","WWATER",83,25,1.429655,0.193275
6,"MOROB","WWATER",83,35,1.729638,0.254655
6,"MOROB","WWATER",83,45,2.380642,0.257645
6,"MOROB","WWATER",83,55,1.583443,0.22304
6,"MOROB","WWATER",83,65,1.873662,0.46927
6,"MOROB","WWATER",90,5,1.660176,0.22587
6,"MOROB","WWATER",90,15,1.468483,0.2914
6,"MOROB","WWATER",90,25,1.648535,0.13133
6,"MOROB","WWATER",90,35,1.679348,0.204545
6,"MOROB","WWATER",90,45,1.737627,0.246565
6,"MOROB","WWATER",90,55,1.464118,0.09723
6,"MOROB","WWATER",90,65,1.560435,0.36103
4,"MOROB","STRESS",14,5,0.281992,0.01264
4,"MOROB","STRESS",14,15,0.290765,0.37285
4,"MOROB","STRESS",14,25,0.297196,0.460315
4,"MOROB","STRESS",14,35,0.401591,0.426605
4,"MOROB","STRESS",14,45,0.206542,0.431145
4,"MOROB","STRESS",14,55,0.449437,0.25205
4,"MOROB","STRESS",14,65,0.386449,0.3245
4,"MOROB","STRESS",21,5,0.298146,0.041455
4,"MOROB","STRESS",21,15,0.212449,0.49915
4,"MOROB","STRESS",21,25,0.169358,0.774755
4,"MOROB","STRESS",21,35,0.236063,0.53156
4,"MOROB","STRESS",21,45,0.212141,0.28241
4,"MOROB","STRESS",21,55,0.142863,0.191925
4,"MOROB","STRESS",21,65,0.179088,0.2013
4,"MOROB","STRESS",35,5,1.198064,0.399355
4,"MOROB","STRESS",35,15,1.127432,0.346605
4,"MOROB","STRESS",35,25,0.917575,0.981525
4,"MOROB","STRESS",35,35,0.742969,0.477475
4,"MOROB","STRESS",35,45,0.599378,0.452945
4,"MOROB","STRESS",35,55,0.576242,0.179035
4,"MOROB","STRESS",35,65,0.673701,0.34845
4,"MOROB","STRESS",42,5,0.782239,0.49865
4,"MOROB","STRESS",42,15,0.883909,0.667775
4,"MOROB","STRESS",42,25,1.228405,1.06075
4,"MOROB","STRESS",42,35,1.299863,0.86313
4,"MOROB","STRESS",42,45,1.389363,0.85335
4,"MOROB","STRESS",42,55,1.443298,0.64855
4,"MOROB","STRESS",42,65,1.43192,1.09343
4,"MOROB","STRESS",49,5,0.590252,0.159925
4,"MOROB","STRESS",49,15,0.678459,0.50605
4,"MOROB","STRESS",49,25,0.769158,0.667795
4,"MOROB","STRESS",49,35,0.789188,0.470855
4,"MOROB","STRESS",49,45,0.799704,0.691695
4,"MOROB","STRESS",49,55,0.810926,0.46486
4,"MOROB","STRESS",49,65,0.831473,0.65775
4,"MOROB","STRESS",62,5,0.387068,0.18358
4,"MOROB","STRESS",62,15,0.40727,0.64865
4,"MOROB","STRESS",62,25,0.42268,0.723845
4,"MOROB","STRESS",62,35,0.446754,0.859715
4,"MOROB","STRESS",62,45,0.470064,0.863735
4,"MOROB","STRESS",62,55,0.41036,0.743845
4,"MOROB","STRESS",62,65,0.424969,0.39468
4,"MOROB","STRESS",69,5,0.756203,0.48756
4,"MOROB","STRESS",69,15,1.270828,0.781375
4,"MOROB","STRESS",69,25,0.895847,0.966665
4,"MOROB","STRESS",69,35,0.909399,1.15895
4,"MOROB","STRESS",69,45,0.890434,1.013015
4,"MOROB","STRESS",69,55,1.240278,0.60182
4,"MOROB","STRESS",69,65,2.763287,0.932
4,"MOROB","STRESS",83,5,0.090115,0.84784
4,"MOROB","STRESS",83,15,0.270177,0.95333
4,"MOROB","STRESS",83,25,1.443224,1.027825
4,"MOROB","STRESS",83,35,1.599858,0.668345
4,"MOROB","STRESS",83,45,1.775592,1.070415
4,"MOROB","STRESS",83,55,2.85261,0.909545
4,"MOROB","STRESS",83,65,2.13337,1.83508
4,"MOROB","STRESS",90,5,0.13338,0.22137
4,"MOROB","STRESS",90,15,0.177577,0.496625
4,"MOROB","STRESS",90,25,0.543511,0.67638
4,"MOROB","STRESS",90,35,0.846475,0.43523
4,"MOROB","STRESS",90,45,0.913651,0.452505
4,"MOROB","STRESS",90,55,-0.1054,0.486985
4,"MOROB","STRESS",90,65,0.621546,1.07067
5,"MOROB","STRESS",14,5,0.18207,0.02135
5,"MOROB","STRESS",14,15,0.198101,0.09511
5,"MOROB","STRESS",14,25,0.200507,0.20495
5,"MOROB","STRESS",14,35,0.106399,0.20728
5,"MOROB","STRESS",14,45,0,0.309655
5,"MOROB","STRESS",14,55,0.291223,0.18167
5,"MOROB","STRESS",14,65,0.342592,0.09286
5,"MOROB","STRESS",21,5,0.282144,0.097325
5,"MOROB","STRESS",21,15,0.260664,0.09472
5,"MOROB","STRESS",21,25,0.20663,0.162365
5,"MOROB","STRESS",21,35,0.165782,0.107895
5,"MOROB","STRESS",21,45,1.238302,0.070095
5,"MOROB","STRESS",21,55,0.224415,0.157765
5,"MOROB","STRESS",21,65,0.220749,0
5,"MOROB","STRESS",35,5,0.855253,0.203915
5,"MOROB","STRESS",35,15,0.894526,1.110095
5,"MOROB","STRESS",35,25,0.848024,1.56441
5,"MOROB","STRESS",35,35,0.735296,0.92848
5,"MOROB","STRESS",35,45,0.65064,1.05725
5,"MOROB","STRESS",35,55,0.719129,1.42958
5,"MOROB","STRESS",35,65,0.719349,0.56113
5,"MOROB","STRESS",42,5,0.672863,0.309735
5,"MOROB","STRESS",42,15,0.785611,1.35346
5,"MOROB","STRESS",42,25,0.948993,1.56193
5,"MOROB","STRESS",42,35,1.105287,0.963315
5,"MOROB","STRESS",42,45,1.193324,1.149565
5,"MOROB","STRESS",42,55,0.651405,1.9941
5,"MOROB","STRESS",42,65,0.657151,0.8481
5,"MOROB","STRESS",49,5,0.556675,0.035985
5,"MOROB","STRESS",49,15,0.628259,0.714695
5,"MOROB","STRESS",49,25,0.69038,0.887015
5,"MOROB","STRESS",49,35,0.728908,0.481715
5,"MOROB","STRESS",49,45,0.755468,0.88068
5,"MOROB","STRESS",49,55,1.337411,1.250285
5,"MOROB","STRESS",49,65,1.645053,0.33307
5,"MOROB","STRESS",62,5,0.405318,0.41565
5,"MOROB","STRESS",62,15,0.408666,0.37588
5,"MOROB","STRESS",62,25,0.496491,0.62892
5,"MOROB","STRESS",62,35,0.519485,0.250415
5,"MOROB","STRESS",62,45,0.521723,0.27554
5,"MOROB","STRESS",62,55,0.521053,0.760965
5,"MOROB","STRESS",62,65,0.606109,1.1153
5,"MOROB","STRESS",69,5,0.048247,0.070135
5,"MOROB","STRESS",69,15,0.311544,0.65985
5,"MOROB","STRESS",69,25,0.367439,0.879865
5,"MOROB","STRESS",69,35,0.175232,0.71343
5,"MOROB","STRESS",69,45,1.018712,1.1429
5,"MOROB","STRESS",69,55,0.733213,0.941655
5,"MOROB","STRESS",69,65,0.711754,0.69044
5,"MOROB","STRESS",83,5,0.087787,0.02188
5,"MOROB","STRESS",83,15,0.030705,0.64052
5,"MOROB","STRESS",83,25,0.169455,0.98071
5,"MOROB","STRESS",83,35,0.60343,0.55138
5,"MOROB","STRESS",83,45,0.03646,0.53053
5,"MOROB","STRESS",83,55,0.476912,0.75556
5,"MOROB","STRESS",83,65,0.968149,1.27631
5,"MOROB","STRESS",90,5,0.018311,0.081765
5,"MOROB","STRESS",90,15,0.014476,0.43503
5,"MOROB","STRESS",90,25,0.279661,0.43395
5,"MOROB","STRESS",90,35,0.528359,0.364105
5,"MOROB","STRESS",90,45,1.212462,0.480885
5,"MOROB","STRESS",90,55,1.104768,0.601775
5,"MOROB","STRESS",90,65,1.146586,0.41546
6,"MOROB","STRESS",14,5,0.153516,0.226355
6,"MOROB","STRESS",14,15,0.187412,0.15112
6,"MOROB","STRESS",14,25,0.230004,0.12864
6,"MOROB","STRESS",14,35,0.207917,0.176665
6,"MOROB","STRESS",14,45,0.230818,0.66764
6,"MOROB","STRESS",14,55,0.245027,0.180115
6,"MOROB","STRESS",14,65,0.257606,0.56113
6,"MOROB","STRESS",21,5,0.198406,0.193375
6,"MOROB","STRESS",21,15,0.155405,0.3059
6,"MOROB","STRESS",21,25,0.156959,0.17904
6,"MOROB","STRESS",21,35,0.163252,0.21833
6,"MOROB","STRESS",21,45,0.15292,0.648955
6,"MOROB","STRESS",21,55,0.159397,0.27108
6,"MOROB","STRESS",21,65,0.181911,0.4099
6,"MOROB","STRESS",35,5,0.888913,0.55295
6,"MOROB","STRESS",35,15,0.751396,0.494895
6,"MOROB","STRESS",35,25,0.601291,0.371045
6,"MOROB","STRESS",35,35,0.500926,0.154245
6,"MOROB","STRESS",35,45,0.419386,0.328965
6,"MOROB","STRESS",35,55,0.400311,0.18268
6,"MOROB","STRESS",35,65,0.4276,0.04828
6,"MOROB","STRESS",42,5,0.717103,0.161815
6,"MOROB","STRESS",42,15,0.93085,0.63758
6,"MOROB","STRESS",42,25,0.934475,0.391715
6,"MOROB","STRESS",42,35,1.42412,0.174675
6,"MOROB","STRESS",42,45,0.458463,0.79089
6,"MOROB","STRESS",42,55,0.971079,0.14989
6,"MOROB","STRESS",42,65,0.949978,0.25351
6,"MOROB","STRESS",49,5,0.587696,0.036375
6,"MOROB","STRESS",49,15,0.653656,0.197955
6,"MOROB","STRESS",49,25,0.681681,0.251375
6,"MOROB","STRESS",49,35,0.839867,0.020235
6,"MOROB","STRESS",49,45,0.769259,0.40006
6,"MOROB","STRESS",49,55,0.691651,0.056775
6,"MOROB","STRESS",49,65,0.68369,0.525
6,"MOROB","STRESS",62,5,0.453499,0.09642
6,"MOROB","STRESS",62,15,0.441773,0.935715
6,"MOROB","STRESS",62,25,0.520995,1.15241
6,"MOROB","STRESS",62,35,0.465384,0.980055
6,"MOROB","STRESS",62,45,0.404679,1.498045
6,"MOROB","STRESS",62,55,0.490017,0.976285
6,"MOROB","STRESS",62,65,0.469242,0.86588
6,"MOROB","STRESS",69,5,0.177276,0.303665
6,"MOROB","STRESS",69,15,0.505462,0.50471
6,"MOROB","STRESS",69,25,0.298621,0.096035
6,"MOROB","STRESS",69,35,0.406669,1.512685
6,"MOROB","STRESS",69,45,0.220532,0.15057
6,"MOROB","STRESS",69,55,0.791205,0.413945
6,"MOROB","STRESS",69,65,0.6386,0.62818
6,"MOROB","STRESS",83,5,0.021477,0.390915
6,"MOROB","STRESS",83,15,0.030093,0.437355
6,"MOROB","STRESS",83,25,0.017397,0.073555
6,"MOROB","STRESS",83,35,0.007042,0.064785
6,"MOROB","STRESS",83,45,0.297211,0
6,"MOROB","STRESS",83,55,0.583345,0.188055
6,"MOROB","STRESS",83,65,0.783302,0.23684
6,"MOROB","STRESS",90,5,-0.002216,0.271975
6,"MOROB","STRESS",90,15,0,0.460355
6,"MOROB","STRESS",90,25,0.423124,0.11775
6,"MOROB","STRESS",90,35,0.017655,0.24049
6,"MOROB","STRESS",90,45,0.079358,0.113485
6,"MOROB","STRESS",90,55,0.7052,0.193005
6,"MOROB","STRESS",90,65,1.266422,0.22259
1,"LRED","WWATER",14,5,0.213873,0.05658
1,"LRED","WWATER",14,15,0.15626,0.72569
1,"LRED","WWATER",14,25,0.150961,0.27919
1,"LRED","WWATER",14,35,0.222907,0.2193
1,"LRED","WWATER",14,45,0.229407,0.4431
1,"LRED","WWATER",14,55,0.109324,0.57734
1,"LRED","WWATER",14,65,0.450117,0.25303
1,"LRED","WWATER",21,5,0.429454,0.012265
1,"LRED","WWATER",21,15,0.344415,0.47673
1,"LRED","WWATER",21,25,0.219863,0.329705
1,"LRED","WWATER",21,35,0.173849,0.36719
1,"LRED","WWATER",21,45,0.245921,0.2629
1,"LRED","WWATER",21,55,0.251266,0.4664
1,"LRED","WWATER",21,65,0.319011,0.17991
1,"LRED","WWATER",35,5,0.098458,0.830995
1,"LRED","WWATER",35,15,0.212448,0.79205
1,"LRED","WWATER",35,25,1.525404,0.752035
1,"LRED","WWATER",35,35,1.375635,1.020305
1,"LRED","WWATER",35,45,1.059133,1.20747
1,"LRED","WWATER",35,55,0.727225,1.286125
1,"LRED","WWATER",35,65,0.757586,0.02661
1,"LRED","WWATER",42,5,-0.293181,1.27334
1,"LRED","WWATER",42,15,-0.358367,1.453435
1,"LRED","WWATER",42,25,0.461091,1.188565
1,"LRED","WWATER",42,35,2.019029,1.43912
1,"LRED","WWATER",42,45,1.717948,2.0831
1,"LRED","WWATER",42,55,1.184933,2.527685
1,"LRED","WWATER",42,65,1.131688,1.66177
1,"LRED","WWATER",49,5,1.681312,1.193195
1,"LRED","WWATER",49,15,0.79931,1.596175
1,"LRED","WWATER",49,25,0.382329,0.997415
1,"LRED","WWATER",49,35,1.620337,1.198935
1,"LRED","WWATER",49,45,1.277457,1.82327
1,"LRED","WWATER",49,55,0.932887,2.130265
1,"LRED","WWATER",49,65,0.867878,1.99134
1,"LRED","WWATER",62,5,0.115107,0.15986
1,"LRED","WWATER",62,15,0.028341,0.236465
1,"LRED","WWATER",62,25,0.413358,0.384435
1,"LRED","WWATER",62,35,1.245543,0.684065
1,"LRED","WWATER",62,45,1.122804,0.820395
1,"LRED","WWATER",62,55,0.912817,0.86412
1,"LRED","WWATER",62,65,0.93605,1.31788
1,"LRED","WWATER",69,5,0.031255,0.466785
1,"LRED","WWATER",69,15,0.036988,1.10071
1,"LRED","WWATER",69,25,1.070001,0.57632
1,"LRED","WWATER",69,35,0.118771,0.696455
1,"LRED","WWATER",69,45,0.095873,0.88997
1,"LRED","WWATER",69,55,0.635234,0.65121
1,"LRED","WWATER",69,65,1.109175,0.64146
1,"LRED","WWATER",83,5,1.804597,0.04515
1,"LRED","WWATER",83,15,2.167055,0.678445
1,"LRED","WWATER",83,25,3.615885,0.274905
1,"LRED","WWATER",83,35,1.109391,0.40474
1,"LRED","WWATER",83,45,1.842464,0.190745
1,"LRED","WWATER",83,55,1.946335,0.172505
1,"LRED","WWATER",83,65,1.88799,0
1,"LRED","WWATER",90,5,1.406956,0.061535
1,"LRED","WWATER",90,15,1.30881,0.54076
1,"LRED","WWATER",90,25,1.371237,0.308255
1,"LRED","WWATER",90,35,1.343078,0.2589
1,"LRED","WWATER",90,45,1.390351,0.145195
1,"LRED","WWATER",90,55,1.391172,0.09518
1,"LRED","WWATER",90,65,1.371737,0.12431
2,"LRED","WWATER",14,5,0.214333,0.08254
2,"LRED","WWATER",14,15,0.245396,0.041995
2,"LRED","WWATER",14,25,0.200659,0.34998
2,"LRED","WWATER",14,35,0.224307,0.3428
2,"LRED","WWATER",14,45,0.267515,0.49181
2,"LRED","WWATER",14,55,0.201305,0.148965
2,"LRED","WWATER",14,65,0.324381,0.09686
2,"LRED","WWATER",21,5,0.723274,0.180405
2,"LRED","WWATER",21,15,0.459993,0.241185
2,"LRED","WWATER",21,25,0.265744,0.475145
2,"LRED","WWATER",21,35,0.199043,0.44409
2,"LRED","WWATER",21,45,0.353602,0.47417
2,"LRED","WWATER",21,55,0.238623,0.26014
2,"LRED","WWATER",21,65,0.305282,0.26884
2,"LRED","WWATER",35,5,-0.013534,0.17739
2,"LRED","WWATER",35,15,0.021122,0.19248
2,"LRED","WWATER",35,25,0.570632,0.95603
2,"LRED","WWATER",35,35,1.144466,1.429175
2,"LRED","WWATER",35,45,1.404231,2.3635
2,"LRED","WWATER",35,55,2.178554,2.96058
2,"LRED","WWATER",35,65,1.427348,2.53488
2,"LRED","WWATER",42,5,-0.147723,0.243395
2,"LRED","WWATER",42,15,-0.14433,0.48824
2,"LRED","WWATER",42,25,-0.149831,1.049795
2,"LRED","WWATER",42,35,0.210107,1.413335
2,"LRED","WWATER",42,45,1.965337,2.469265
2,"LRED","WWATER",42,55,3.319519,3.037415
2,"LRED","WWATER",42,65,1.280681,1.95286
2,"LRED","WWATER",49,5,2.50807,0.331675
2,"LRED","WWATER",49,15,0.024158,0.355225
2,"LRED","WWATER",49,25,0.135492,1.108715
2,"LRED","WWATER",49,35,0.427959,1.38759
2,"LRED","WWATER",49,45,1.351896,1.60552
2,"LRED","WWATER",49,55,1.023674,1.77711
2,"LRED","WWATER",49,65,2.135657,1.80484
2,"LRED","WWATER",62,5,0.233576,0.893095
2,"LRED","WWATER",62,15,0.037144,0.50454
2,"LRED","WWATER",62,25,0.135976,0.939835
2,"LRED","WWATER",62,35,1.005383,0.58547
2,"LRED","WWATER",62,45,1.524939,0.569485
2,"LRED","WWATER",62,55,1.578803,0.78506
2,"LRED","WWATER",62,65,1.437406,0.99075
2,"LRED","WWATER",69,5,0.036577,0.11312
2,"LRED","WWATER",69,15,0.133405,0.259555
2,"LRED","WWATER",69,25,0.263058,0.36857
2,"LRED","WWATER",69,35,1.018111,0.80579
2,"LRED","WWATER",69,45,1.049282,0.85137
2,"LRED","WWATER",69,55,1.100309,0.45363
2,"LRED","WWATER",69,65,2.714198,1.00892
2,"LRED","WWATER",83,5,2.013615,0
2,"LRED","WWATER",83,15,1.769954,0.047435
2,"LRED","WWATER",83,25,0.869407,0.170955
2,"LRED","WWATER",83,35,1.205634,0.264565
2,"LRED","WWATER",83,45,1.751741,0.37603
2,"LRED","WWATER",83,55,1.872311,0.126725
2,"LRED","WWATER",83,65,1.357429,0
2,"LRED","WWATER",90,5,1.302664,0.019635
2,"LRED","WWATER",90,15,1.412006,0.27713
2,"LRED","WWATER",90,25,0.987516,0.333775
2,"LRED","WWATER",90,35,1.407059,0.3302
2,"LRED","WWATER",90,45,1.609936,0.342305
2,"LRED","WWATER",90,55,1.66603,0.220535
2,"LRED","WWATER",90,65,1.427732,0.23628
3,"LRED","WWATER",14,5,0.237309,0.015875
3,"LRED","WWATER",14,15,0.237393,0.0713
3,"LRED","WWATER",14,25,0.246388,0.140905
3,"LRED","WWATER",14,35,0.257696,0.121645
3,"LRED","WWATER",14,45,0.313812,0.231255
3,"LRED","WWATER",14,55,0.320717,0.178005
3,"LRED","WWATER",14,65,0.332616,0
3,"LRED","WWATER",21,5,0.13572,0.018235
3,"LRED","WWATER",21,15,0.270382,0.36159
3,"LRED","WWATER",21,25,0.233652,0.398705
3,"LRED","WWATER",21,35,0.204734,0.374025
3,"LRED","WWATER",21,45,0.1762,0.431355
3,"LRED","WWATER",21,55,0.211986,0.392555
3,"LRED","WWATER",21,65,0.197733,0.08445
3,"LRED","WWATER",35,5,0.155985,0.63899
3,"LRED","WWATER",35,15,0.88537,0.698335
3,"LRED","WWATER",35,25,1.635371,2.032215
3,"LRED","WWATER",35,35,1.183866,2.462515
3,"LRED","WWATER",35,45,0.877701,1.48633
3,"LRED","WWATER",35,55,0.918799,0.52766
3,"LRED","WWATER",35,65,0.627116,0.63508
3,"LRED","WWATER",42,5,-0.049358,0.53714
3,"LRED","WWATER",42,15,-0.214373,0.42685
3,"LRED","WWATER",42,25,0.402604,1.97179
3,"LRED","WWATER",42,35,1.562395,2.311345
3,"LRED","WWATER",42,45,1.253878,2.059505
3,"LRED","WWATER",42,55,0.5909,1.261935
3,"LRED","WWATER",42,65,0.472809,1.48722
3,"LRED","WWATER",49,5,0.814174,1.7914
3,"LRED","WWATER",49,15,0.318364,1.611765
3,"LRED","WWATER",49,25,0.529595,1.962045
3,"LRED","WWATER",49,35,1.672495,2.15661
3,"LRED","WWATER",49,45,1.283275,1.85038
3,"LRED","WWATER",49,55,1.007302,1.59271
3,"LRED","WWATER",49,65,0.038745,1.74035
3,"LRED","WWATER",62,5,0.072813,0.32938
3,"LRED","WWATER",62,15,0.074287,0.910695
3,"LRED","WWATER",62,25,0.397767,0.6499
3,"LRED","WWATER",62,35,1.088162,0.777705
3,"LRED","WWATER",62,45,1.083922,0.742845
3,"LRED","WWATER",62,55,0.929051,0.82303
3,"LRED","WWATER",62,65,0.58127,1.08373
3,"LRED","WWATER",69,5,-0.183447,0.970065
3,"LRED","WWATER",69,15,0.132634,1.559055
3,"LRED","WWATER",69,25,0.196036,0.95131
3,"LRED","WWATER",69,35,0.264914,1.11502
3,"LRED","WWATER",69,45,1.197433,1.026925
3,"LRED","WWATER",69,55,1.486292,0.474785
3,"LRED","WWATER",69,65,1.942804,0.64604
3,"LRED","WWATER",83,5,1.915016,0.476875
3,"LRED","WWATER",83,15,1.902449,1.85745
3,"LRED","WWATER",83,25,1.525886,0.441115
3,"LRED","WWATER",83,35,1.598764,0.403285
3,"LRED","WWATER",83,45,2.182025,0.423915
3,"LRED","WWATER",83,55,2.361736,0.13226
3,"LRED","WWATER",83,65,2.483114,0.47317
3,"LRED","WWATER",90,5,1.37903,0.213505
3,"LRED","WWATER",90,15,1.390301,1.26873
3,"LRED","WWATER",90,25,1.436257,0.39614
3,"LRED","WWATER",90,35,1.443047,0.318845
3,"LRED","WWATER",90,45,1.434257,0.24796
3,"LRED","WWATER",90,55,1.538919,0.009785
3,"LRED","WWATER",90,65,1.658509,0.45626
1,"LRED","STRESS",14,5,0.768682,0.10817
1,"LRED","STRESS",14,15,0.374294,0.186705
1,"LRED","STRESS",14,25,0.29787,0.764185
1,"LRED","STRESS",14,35,0.32996,0.479835
1,"LRED","STRESS",14,45,0.328191,0.14577
1,"LRED","STRESS",14,55,0.315851,0
1,"LRED","STRESS",14,65,0.327098,0.06349
1,"LRED","STRESS",21,5,1.398173,0.01722
1,"LRED","STRESS",21,15,0.497575,0.455425
1,"LRED","STRESS",21,25,0.325506,1.556995
1,"LRED","STRESS",21,35,0.2782,1.206715
1,"LRED","STRESS",21,45,0.201719,0.334225
1,"LRED","STRESS",21,55,0.213806,0.165075
1,"LRED","STRESS",21,65,0.218636,0.20057
1,"LRED","STRESS",35,5,0.579031,0.10291
1,"LRED","STRESS",35,15,0.648653,0.313775
1,"LRED","STRESS",35,25,1.12947,0.61572
1,"LRED","STRESS",35,35,0.706075,0.716515
1,"LRED","STRESS",35,45,0.895418,1.134465
1,"LRED","STRESS",35,55,0.863785,0.80493
1,"LRED","STRESS",35,65,0.841935,0.75809
1,"LRED","STRESS",42,5,0.494065,0.05406
1,"LRED","STRESS",42,15,0.543792,0.28329
1,"LRED","STRESS",42,25,0.703964,0.573945
1,"LRED","STRESS",42,35,1.142563,0.524465
1,"LRED","STRESS",42,45,0.99228,1.14056
1,"LRED","STRESS",42,55,1.120248,0.88178
1,"LRED","STRESS",42,65,1.132044,0.75655
1,"LRED","STRESS",49,5,0.421566,0.04575
1,"LRED","STRESS",49,15,0.455884,0.12854
1,"LRED","STRESS",49,25,0.566007,0.31854
1,"LRED","STRESS",49,35,0.769201,0.334755
1,"LRED","STRESS",49,45,0.635314,0.42602
1,"LRED","STRESS",49,55,0.902713,0.247905
1,"LRED","STRESS",49,65,0.776038,0
1,"LRED","STRESS",62,5,0.191964,0.068795
1,"LRED","STRESS",62,15,0.317971,0.2149
1,"LRED","STRESS",62,25,0.555418,1.007155
1,"LRED","STRESS",62,35,0.511931,0.75246
1,"LRED","STRESS",62,45,0.486006,1.23373
1,"LRED","STRESS",62,55,0.564093,1.09741
1,"LRED","STRESS",62,65,0.568897,1.17572
1,"LRED","STRESS",69,5,0.068433,0.048715
1,"LRED","STRESS",69,15,0.204846,0.499105
1,"LRED","STRESS",69,25,1.334938,0.68334
1,"LRED","STRESS",69,35,0.520152,1.03183
1,"LRED","STRESS",69,45,0.445482,0.964755
1,"LRED","STRESS",69,55,1.195815,0.705665
1,"LRED","STRESS",69,65,1.029499,0.7219
1,"LRED","STRESS",83,5,0.005231,0.02992
1,"LRED","STRESS",83,15,0.033507,0.49768
1,"LRED","STRESS",83,25,0.10164,0.53201
1,"LRED","STRESS",83,35,0.222882,0.80344
1,"LRED","STRESS",83,45,0.378357,0.5276
1,"LRED","STRESS",83,55,0.355811,0.674995
1,"LRED","STRESS",83,65,0.369108,0.36744
1,"LRED","STRESS",90,5,0.000821,0
1,"LRED","STRESS",90,15,0.004055,0.552295
1,"LRED","STRESS",90,25,-0.069298,0.421445
1,"LRED","STRESS",90,35,0.170028,0.49184
1,"LRED","STRESS",90,45,0.894048,0.28121
1,"LRED","STRESS",90,55,0.955881,0.37537
1,"LRED","STRESS",90,65,1.035154,0.23283
2,"LRED","STRESS",14,5,0.213873,0.05741
2,"LRED","STRESS",14,15,0.220112,0.256465
2,"LRED","STRESS",14,25,0.242202,0.124635
2,"LRED","STRESS",14,35,0.237579,0.2823
2,"LRED","STRESS",14,45,0.103876,0
2,"LRED","STRESS",14,55,0.264613,0.369775
2,"LRED","STRESS",14,65,0.309364,0.31612
2,"LRED","STRESS",21,5,0.434352,0.198475
2,"LRED","STRESS",21,15,0.305659,0.431465
2,"LRED","STRESS",21,25,0.243307,0.27468
2,"LRED","STRESS",21,35,0.232756,0.322805
2,"LRED","STRESS",21,45,0.219798,0.05424
2,"LRED","STRESS",21,55,0.238623,0.235755
2,"LRED","STRESS",21,65,0.264586,0.24347
2,"LRED","STRESS",35,5,0.710927,1.12257
2,"LRED","STRESS",35,15,1.100207,0.5444
2,"LRED","STRESS",35,25,1.314982,0.79563
2,"LRED","STRESS",35,35,1.033694,0.7719
2,"LRED","STRESS",35,45,0.918713,0.355095
2,"LRED","STRESS",35,55,0.804555,0.49241
2,"LRED","STRESS",35,65,0.829806,0.8687
2,"LRED","STRESS",42,5,0.585496,0.59517
2,"LRED","STRESS",42,15,0.684098,0.165985
2,"LRED","STRESS",42,25,0.929132,0.50611
2,"LRED","STRESS",42,35,1.098501,0.63537
2,"LRED","STRESS",42,45,1.314517,0.33177
2,"LRED","STRESS",42,55,0.996344,0.179425
2,"LRED","STRESS",42,65,0.508694,0.70622
2,"LRED","STRESS",49,5,0.482195,0.639015
2,"LRED","STRESS",49,15,0.555024,0.27292
2,"LRED","STRESS",49,25,0.70434,0.71246
2,"LRED","STRESS",49,35,0.730099,0.64385
2,"LRED","STRESS",49,45,0.814355,0.528485
2,"LRED","STRESS",49,55,0.9752,0.201405
2,"LRED","STRESS",49,65,1.56669,0.37227
2,"LRED","STRESS",62,5,0.384142,0.62217
2,"LRED","STRESS",62,15,0.357778,0.218155
2,"LRED","STRESS",62,25,0.397245,0.463745
2,"LRED","STRESS",62,35,0.439016,0.599465
2,"LRED","STRESS",62,45,0.480426,0.57525
2,"LRED","STRESS",62,55,0.955516,1.153545
2,"LRED","STRESS",62,65,0.715826,1.40068
2,"LRED","STRESS",69,5,0.738988,0.96234
2,"LRED","STRESS",69,15,0.674414,0.673315
2,"LRED","STRESS",69,25,0.350637,1.148635
2,"LRED","STRESS",69,35,0.592602,0.99547
2,"LRED","STRESS",69,45,0.91993,0.74549
2,"LRED","STRESS",69,55,0.18508,1.00743
2,"LRED","STRESS",69,65,1.669787,0.95928
2,"LRED","STRESS",83,5,0.537701,0.27012
2,"LRED","STRESS",83,15,0.810418,0.36035
2,"LRED","STRESS",83,25,1.052264,0.49996
2,"LRED","STRESS",83,35,1.00823,0.423235
2,"LRED","STRESS",83,45,0.662544,0.271735
2,"LRED","STRESS",83,55,0.589496,0.433755
2,"LRED","STRESS",83,65,0.529247,0.42084
2,"LRED","STRESS",90,5,0.018409,0.070295
2,"LRED","STRESS",90,15,-0.018784,0.158905
2,"LRED","STRESS",90,25,-0.073334,0.27369
2,"LRED","STRESS",90,35,0.133102,0.38723
2,"LRED","STRESS",90,45,0.922705,0.23245
2,"LRED","STRESS",90,55,1.045378,0.41374
2,"LRED","STRESS",90,65,0.942102,0.5181
3,"LRED","STRESS",14,5,0.153516,0.041555
3,"LRED","STRESS",14,15,0.187412,0.41505
3,"LRED","STRESS",14,25,0.230004,0.281795
3,"LRED","STRESS",14,35,0.207917,0.065455
3,"LRED","STRESS",14,45,0.230818,0.251755
3,"LRED","STRESS",14,55,0.245027,0.415815
3,"LRED","STRESS",14,65,0.257606,0.40252
3,"LRED","STRESS",21,5,0.198406,0.25172
3,"LRED","STRESS",21,15,0.155405,0.77443
3,"LRED","STRESS",21,25,0.156959,0.35031
3,"LRED","STRESS",21,35,0.163252,0.068695
3,"LRED","STRESS",21,45,0.15292,0.15583
3,"LRED","STRESS",21,55,0.159397,0.40902
3,"LRED","STRESS",21,65,0.181911,0.25922
3,"LRED","STRESS",35,5,0.888913,0.47681
3,"LRED","STRESS",35,15,0.751396,0.847785
3,"LRED","STRESS",35,25,0.601291,1.09951
3,"LRED","STRESS",35,35,0.500926,0.686245
3,"LRED","STRESS",35,45,0.419386,0.496985
3,"LRED","STRESS",35,55,0.400311,0.39627
3,"LRED","STRESS",35,65,0.4276,0.16196
3,"LRED","STRESS",42,5,0.717103,0.38624
3,"LRED","STRESS",42,15,0.93085,0.90265
3,"LRED","STRESS",42,25,0.934475,0.642325
3,"LRED","STRESS",42,35,1.42412,0.651025
3,"LRED","STRESS",42,45,0.458463,0.74174
3,"LRED","STRESS",42,55,0.971079,0.53459
3,"LRED","STRESS",42,65,0.949978,0.19264
3,"LRED","STRESS",49,5,0.587696,0.25425
3,"LRED","STRESS",49,15,0.653656,0.34672
3,"LRED","STRESS",49,25,0.681681,0.203865
3,"LRED","STRESS",49,35,0.839867,0.151715
3,"LRED","STRESS",49,45,0.769259,0.25232
3,"LRED","STRESS",49,55,0.691651,0.10482
3,"LRED","STRESS",49,65,0.68369,0
3,"LRED","STRESS",62,5,0.453499,0.51401
3,"LRED","STRESS",62,15,0.441773,0.845825
3,"LRED","STRESS",62,25,0.520995,0.734285
3,"LRED","STRESS",62,35,0.465384,0.672775
3,"LRED","STRESS",62,45,0.404679,1.159555
3,"LRED","STRESS",62,55,0.490017,1.382795
3,"LRED","STRESS",62,65,0.469242,1.11905
3,"LRED","STRESS",69,5,0.177276,0.24481
3,"LRED","STRESS",69,15,0.505462,0.60822
3,"LRED","STRESS",69,25,0.298621,0.531935
3,"LRED","STRESS",69,35,0.406669,0.649085
3,"LRED","STRESS",69,45,0.220532,0.91285
3,"LRED","STRESS",69,55,0.791205,0.62134
3,"LRED","STRESS",69,65,0.6386,0.53778
3,"LRED","STRESS",83,5,0.021477,0.424555
3,"LRED","STRESS",83,15,0.030093,0.87366
3,"LRED","STRESS",83,25,0.017397,0.305875
3,"LRED","STRESS",83,35,0.007042,0.37495
3,"LRED","STRESS",83,45,0.297211,0.460455
3,"LRED","STRESS",83,55,0.583345,0.15319
3,"LRED","STRESS",83,65,0.783302,0.07553
3,"LRED","STRESS",90,5,-0.002216,0.073
3,"LRED","STRESS",90,15,0,1.117985
3,"LRED","STRESS",90,25,0.423124,0.256505
3,"LRED","STRESS",90,35,0.017655,0.328955
3,"LRED","STRESS",90,45,0.079358,0.27535
3,"LRED","STRESS",90,55,0.7052,0.729745
3,"LRED","STRESS",90,65,1.266422,0.34272
4,"LRED","WWATER",14,5,0.224431,0.15277
4,"LRED","WWATER",14,15,0.210962,0.059915
4,"LRED","WWATER",14,25,0.2042,0.213265
4,"LRED","WWATER",14,35,0.221807,0.37032
4,"LRED","WWATER",14,45,0.213404,0.22045
4,"LRED","WWATER",14,55,0.250769,0
4,"LRED","WWATER",14,65,0.151504,0
4,"LRED","WWATER",21,5,0.436552,0.14452
4,"LRED","WWATER",21,15,0.371603,0.396815
4,"LRED","WWATER",21,25,0.326995,0.441385
4,"LRED","WWATER",21,35,0.279185,0.562885
4,"LRED","WWATER",21,45,0.229277,0.42323
4,"LRED","WWATER",21,55,0.266379,0.13698
4,"LRED","WWATER",21,65,0.275443,0.11978
4,"LRED","WWATER",35,5,0.305145,0.091295
4,"LRED","WWATER",35,15,0.857269,0.824675
4,"LRED","WWATER",35,25,1.354546,1.388245
4,"LRED","WWATER",35,35,1.362991,1.20944
4,"LRED","WWATER",35,45,1.23027,0.69078
4,"LRED","WWATER",35,55,0.825129,1.543505
4,"LRED","WWATER",35,65,0.669242,1.41173
4,"LRED","WWATER",42,5,0.309956,0.514685
4,"LRED","WWATER",42,15,0.60578,0.945565
4,"LRED","WWATER",42,25,0.605723,1.313025
4,"LRED","WWATER",42,35,0.582662,1.436855
4,"LRED","WWATER",42,45,1.351299,1.07358
4,"LRED","WWATER",42,55,0.905803,2.17929
4,"LRED","WWATER",42,65,0.906949,2.49327
4,"LRED","WWATER",49,5,0.059577,0.907685
4,"LRED","WWATER",49,15,0.194586,1.272215
4,"LRED","WWATER",49,25,-0.173655,1.830415
4,"LRED","WWATER",49,35,0.082509,1.77755
4,"LRED","WWATER",49,45,1.605637,1.23998
4,"LRED","WWATER",49,55,0.698151,2.500815
4,"LRED","WWATER",49,65,1.144529,3.08163
4,"LRED","WWATER",62,5,0.063242,1.041305
4,"LRED","WWATER",62,15,0.000112,0.963325
4,"LRED","WWATER",62,25,0.125439,0.565445
4,"LRED","WWATER",62,35,0.923831,0.198275
4,"LRED","WWATER",62,45,1.893353,0.546115
4,"LRED","WWATER",62,55,1.458414,0.85684
4,"LRED","WWATER",62,65,1.236345,1.41748
4,"LRED","WWATER",69,5,0.073227,0.38027
4,"LRED","WWATER",69,15,0.058313,0.80995
4,"LRED","WWATER",69,25,0.001965,1.058165
4,"LRED","WWATER",69,35,0.833896,0.980585
4,"LRED","WWATER",69,45,1.683005,0.81014
4,"LRED","WWATER",69,55,2.09518,1.299505
4,"LRED","WWATER",69,65,1.750271,1.07468
4,"LRED","WWATER",83,5,1.331173,0.029355
4,"LRED","WWATER",83,15,1.529629,0.361555
4,"LRED","WWATER",83,25,1.465729,0.54195
4,"LRED","WWATER",83,35,1.129859,0.24185
4,"LRED","WWATER",83,45,2.043038,0.206975
4,"LRED","WWATER",83,55,1.736297,0.41854
4,"LRED","WWATER",83,65,2.269865,0.48705
4,"LRED","WWATER",90,5,1.486377,0.1823
4,"LRED","WWATER",90,15,1.681195,0.287805
4,"LRED","WWATER",90,25,1.630224,0.250805
4,"LRED","WWATER",90,35,1.90722,0.103285
4,"LRED","WWATER",90,45,1.742361,0.097325
4,"LRED","WWATER",90,55,1.792383,0.110745
4,"LRED","WWATER",90,65,2.064105,0.17369
5,"LRED","WWATER",14,5,0.165304,0
5,"LRED","WWATER",14,15,0.156767,0.150525
5,"LRED","WWATER",14,25,0.166998,0.21118
5,"LRED","WWATER",14,35,0.199191,0.22996
5,"LRED","WWATER",14,45,0.224221,0.115085
5,"LRED","WWATER",14,55,0.255967,0.280625
5,"LRED","WWATER",14,65,0.325664,0.11218
5,"LRED","WWATER",21,5,0.245279,0.10354
5,"LRED","WWATER",21,15,0.230726,0.492865
5,"LRED","WWATER",21,25,0.183628,0.372875
5,"LRED","WWATER",21,35,0.174706,0.51355
5,"LRED","WWATER",21,45,0.163348,0.39257
5,"LRED","WWATER",21,55,0.148574,0.627555
5,"LRED","WWATER",21,65,0.158972,0.12609
5,"LRED","WWATER",35,5,0.735788,0.778605
5,"LRED","WWATER",35,15,1.085259,1.194755
5,"LRED","WWATER",35,25,1.505556,1.469315
5,"LRED","WWATER",35,35,1.439276,1.42154
5,"LRED","WWATER",35,45,1.152286,0.9788
5,"LRED","WWATER",35,55,1.194256,0.31791
5,"LRED","WWATER",35,65,0.899727,0.04473
5,"LRED","WWATER",42,5,0.014419,0.4893
5,"LRED","WWATER",42,15,-0.33504,1.260815
5,"LRED","WWATER",42,25,0.151929,1.593745
5,"LRED","WWATER",42,35,1.918617,1.831985
5,"LRED","WWATER",42,45,1.760132,1.48672
5,"LRED","WWATER",42,55,1.420738,1.454745
5,"LRED","WWATER",42,65,1.431865,1.68537
5,"LRED","WWATER",49,5,-0.002029,0.38794
5,"LRED","WWATER",49,15,0.187256,0.94801
5,"LRED","WWATER",49,25,0.171259,0.88518
5,"LRED","WWATER",49,35,0.340961,1.105025
5,"LRED","WWATER",49,45,0.404466,0.84687
5,"LRED","WWATER",49,55,0.832012,0.91003
5,"LRED","WWATER",49,65,1.188127,1.9451
5,"LRED","WWATER",62,5,0.010799,0.22179
5,"LRED","WWATER",62,15,0.093655,0.116845
5,"LRED","WWATER",62,25,0.196341,0.28224
5,"LRED","WWATER",62,35,-0.037568,0.213975
5,"LRED","WWATER",62,45,0.479842,0.0783
5,"LRED","WWATER",62,55,-0.022157,0.48965
5,"LRED","WWATER",62,65,0.997643,0.72679
5,"LRED","WWATER",69,5,0.118178,0.3391
5,"LRED","WWATER",69,15,0.042231,1.213865
5,"LRED","WWATER",69,25,0.286048,0.848875
5,"LRED","WWATER",69,35,0.073122,0.863625
5,"LRED","WWATER",69,45,0.816353,0.469305
5,"LRED","WWATER",69,55,0.419069,0.69843
5,"LRED","WWATER",69,65,0.02193,0.95805
5,"LRED","WWATER",83,5,1.743903,0.11822
5,"LRED","WWATER",83,15,1.741828,0.710255
5,"LRED","WWATER",83,25,1.767821,0.33664
5,"LRED","WWATER",83,35,1.616168,0.36874
5,"LRED","WWATER",83,45,1.680553,0.368635
5,"LRED","WWATER",83,55,1.647846,0.39814
5,"LRED","WWATER",83,65,1.604051,0.46843
5,"LRED","WWATER",90,5,1.683967,0.080725
5,"LRED","WWATER",90,15,1.579439,0.69875
5,"LRED","WWATER",90,25,1.57894,0.401355
5,"LRED","WWATER",90,35,1.673133,0.4904
5,"LRED","WWATER",90,45,1.680497,0.393735
5,"LRED","WWATER",90,55,1.566188,0.13847
5,"LRED","WWATER",90,65,1.574322,0.49188
6,"LRED","WWATER",14,5,0.18502,0.226565
6,"LRED","WWATER",14,15,0.216498,0.06425
6,"LRED","WWATER",14,25,0.260747,0.129975
6,"LRED","WWATER",14,35,0.282749,0.175165
6,"LRED","WWATER",14,45,0.319819,0.21156
6,"LRED","WWATER",14,55,0.370302,0.15728
6,"LRED","WWATER",14,65,0.376954,0
6,"LRED","WWATER",21,5,0.23302,0.63006
6,"LRED","WWATER",21,15,0.156263,0.256605
6,"LRED","WWATER",21,25,0.134618,0.514715
6,"LRED","WWATER",21,35,0.132553,0.437445
6,"LRED","WWATER",21,45,0.185215,0.49175
6,"LRED","WWATER",21,55,0.161022,0.522875
6,"LRED","WWATER",21,65,0.151504,0.21446
6,"LRED","WWATER",35,5,1.127567,1.88096
6,"LRED","WWATER",35,15,1.395536,1.09712
6,"LRED","WWATER",35,25,0.937549,0.744325
6,"LRED","WWATER",35,35,1.393036,0.609695
6,"LRED","WWATER",35,45,0.971164,0.623655
6,"LRED","WWATER",35,55,0.653015,0.49788
6,"LRED","WWATER",35,65,0.801241,0.121
6,"LRED","WWATER",42,5,-0.190219,1.86095
6,"LRED","WWATER",42,15,0.196593,1.693095
6,"LRED","WWATER",42,25,0.993878,1.49035
6,"LRED","WWATER",42,35,1.429022,1.359225
6,"LRED","WWATER",42,45,1.300067,1.451715
6,"LRED","WWATER",42,55,0.725932,1.2847
6,"LRED","WWATER",42,65,0.816783,1.02194
6,"LRED","WWATER",49,5,1.035111,1.89636
6,"LRED","WWATER",49,15,0.765518,1.808755
6,"LRED","WWATER",49,25,0.9407,1.353005
6,"LRED","WWATER",49,35,0.821686,1.37719
6,"LRED","WWATER",49,45,1.519779,1.4341
6,"LRED","WWATER",49,55,1.090354,1.838925
6,"LRED","WWATER",49,65,1.475682,1.28154
6,"LRED","WWATER",62,5,0.04815,1.09607
6,"LRED","WWATER",62,15,0.064143,2.51034
6,"LRED","WWATER",62,25,0.787349,1.21447
6,"LRED","WWATER",62,35,0.170401,1.29455
6,"LRED","WWATER",62,45,1.522379,1.3507
6,"LRED","WWATER",62,55,1.484947,1.146495
6,"LRED","WWATER",62,65,1.401106,1.53976
6,"LRED","WWATER",69,5,-0.095069,0.81202
6,"LRED","WWATER",69,15,0.136007,1.51907
6,"LRED","WWATER",69,25,0.666674,0.957835
6,"LRED","WWATER",69,35,0.016106,0.918855
6,"LRED","WWATER",69,45,0.625715,0.829165
6,"LRED","WWATER",69,55,0.742999,1.188525
6,"LRED","WWATER",69,65,1.584678,0.9668
6,"LRED","WWATER",83,5,1.625165,0.20772
6,"LRED","WWATER",83,15,1.932181,0.602365
6,"LRED","WWATER",83,25,2.101532,0.51555
6,"LRED","WWATER",83,35,1.577945,0.40848
6,"LRED","WWATER",83,45,1.598196,0.36939
6,"LRED","WWATER",83,55,1.713369,0.141825
6,"LRED","WWATER",83,65,2.035526,0
6,"LRED","WWATER",90,5,1.687271,0.18061
6,"LRED","WWATER",90,15,1.577999,0.53871
6,"LRED","WWATER",90,25,1.58508,0.35022
6,"LRED","WWATER",90,35,1.679634,0.32358
6,"LRED","WWATER",90,45,1.665226,0.47955
6,"LRED","WWATER",90,55,1.538461,0.17825
6,"LRED","WWATER",90,65,1.544409,0
4,"LRED","STRESS",14,5,0.167827,0.454645
4,"LRED","STRESS",14,15,0.136292,0.515145
4,"LRED","STRESS",14,25,0.200532,0.200015
4,"LRED","STRESS",14,35,0.084035,0.24598
4,"LRED","STRESS",14,45,0.229407,0.29254
4,"LRED","STRESS",14,55,0.271337,0.257905
4,"LRED","STRESS",14,65,0.330719,0.04698
4,"LRED","STRESS",21,5,0.302043,0.22949
4,"LRED","STRESS",21,15,0.239812,0.300095
4,"LRED","STRESS",21,25,0.178661,0.20383
4,"LRED","STRESS",21,35,0.167448,0.229285
4,"LRED","STRESS",21,45,0.163888,0.217965
4,"LRED","STRESS",21,55,0.18508,0.255505
4,"LRED","STRESS",21,65,0.212151,0
4,"LRED","STRESS",35,5,0.679164,0.601035
4,"LRED","STRESS",35,15,0.417675,0.70508
4,"LRED","STRESS",35,25,1.190818,1.19519
4,"LRED","STRESS",35,35,0.968402,1.16118
4,"LRED","STRESS",35,45,0.707054,0.92359
4,"LRED","STRESS",35,55,0.647795,0.85369
4,"LRED","STRESS",35,65,0.731315,0.10788
4,"LRED","STRESS",42,5,0.567144,0.30295
4,"LRED","STRESS",42,15,1.211836,0.468875
4,"LRED","STRESS",42,25,0.987581,1.383715
4,"LRED","STRESS",42,35,1.152306,0.907845
4,"LRED","STRESS",42,45,1.349918,0.705965
4,"LRED","STRESS",42,55,1.122072,0.476695
4,"LRED","STRESS",42,65,1.057921,0.76155
4,"LRED","STRESS",49,5,0.4736,0.175395
4,"LRED","STRESS",49,15,0.628182,0.277975
4,"LRED","STRESS",49,25,0.735918,0.63901
4,"LRED","STRESS",49,35,0.754439,0.227225
4,"LRED","STRESS",49,45,0.814242,0.238565
4,"LRED","STRESS",49,55,0.744857,0.120185
4,"LRED","STRESS",49,65,0.876281,0.19974
4,"LRED","STRESS",62,5,0.378721,0.63429
4,"LRED","STRESS",62,15,0.483887,0.66087
4,"LRED","STRESS",62,25,0.546568,0.439385
4,"LRED","STRESS",62,35,0.484387,0.44445
4,"LRED","STRESS",62,45,0.482885,0.62047
4,"LRED","STRESS",62,55,0.488665,0.32678
4,"LRED","STRESS",62,65,0.504629,0.3441
4,"LRED","STRESS",69,5,0.254366,0.188035
4,"LRED","STRESS",69,15,0.476212,0.58805
4,"LRED","STRESS",69,25,0.53446,0.60709
4,"LRED","STRESS",69,35,0.319653,0.163335
4,"LRED","STRESS",69,45,0.57442,0.474565
4,"LRED","STRESS",69,55,0.483788,0.800855
4,"LRED","STRESS",69,65,0.415894,0.63786
4,"LRED","STRESS",83,5,0.133415,0.282985
4,"LRED","STRESS",83,15,0.224438,0.572365
4,"LRED","STRESS",83,25,0.045135,0.347905
4,"LRED","STRESS",83,35,0.109467,0.019055
4,"LRED","STRESS",83,45,0.037053,0.209425
4,"LRED","STRESS",83,55,0.087763,0.36901
4,"LRED","STRESS",83,65,1.43027,0.44882
4,"LRED","STRESS",90,5,0.114258,0.217125
4,"LRED","STRESS",90,15,0.09302,0.596615
4,"LRED","STRESS",90,25,0.139373,0.409335
4,"LRED","STRESS",90,35,0.065994,0.01259
4,"LRED","STRESS",90,45,0.080158,0.141305
4,"LRED","STRESS",90,55,0.161047,0.483875
4,"LRED","STRESS",90,65,0.773504,0.24244
5,"LRED","STRESS",14,5,0.218306,0.1461
5,"LRED","STRESS",14,15,0.20274,0.50792
5,"LRED","STRESS",14,25,0.184908,0.447495
5,"LRED","STRESS",14,35,0.210715,0.9118
5,"LRED","STRESS",14,45,0.203469,0.397995
5,"LRED","STRESS",14,55,0.210423,0.51041
5,"LRED","STRESS",14,65,0.257362,0
5,"LRED","STRESS",21,5,0.325591,0.134965
5,"LRED","STRESS",21,15,0.257102,1.05322
5,"LRED","STRESS",21,25,0.252489,0.58701
5,"LRED","STRESS",21,35,0.157152,0.78206
5,"LRED","STRESS",21,45,0.217759,0.59831
5,"LRED","STRESS",21,55,0.24681,0.662035
5,"LRED","STRESS",21,65,0.245368,0.39868
5,"LRED","STRESS",35,5,0.833391,0.54183
5,"LRED","STRESS",35,15,1.029297,0.639175
5,"LRED","STRESS",35,25,0.55338,0.91596
5,"LRED","STRESS",35,35,0.537073,1.075885
5,"LRED","STRESS",35,45,0.462981,0.82026
5,"LRED","STRESS",35,55,0.434288,1.26554
5,"LRED","STRESS",35,65,0.674063,0.74315
5,"LRED","STRESS",42,5,0.727162,0.07235
5,"LRED","STRESS",42,15,0.801029,0.38184
5,"LRED","STRESS",42,25,0.860393,0.7458
5,"LRED","STRESS",42,35,0.00855,0.98974
5,"LRED","STRESS",42,45,0.122795,0.71181
5,"LRED","STRESS",42,55,0.614938,1.247595
5,"LRED","STRESS",42,65,0.402683,1.47538
5,"LRED","STRESS",49,5,0.579161,0
5,"LRED","STRESS",49,15,0.626486,0.158135
5,"LRED","STRESS",49,25,0.589986,0.42649
5,"LRED","STRESS",49,35,2.160767,0.583975
5,"LRED","STRESS",49,45,1.374553,0.266695
5,"LRED","STRESS",49,55,1.205091,0.773085
5,"LRED","STRESS",49,65,1.263461,0.73918
5,"LRED","STRESS",62,5,0.28326,0.637525
5,"LRED","STRESS",62,15,0.359514,1.329555
5,"LRED","STRESS",62,25,0.432852,0.977585
5,"LRED","STRESS",62,35,0.508363,1.09431
5,"LRED","STRESS",62,45,0.562275,0.913145
5,"LRED","STRESS",62,55,0.480977,1.39478
5,"LRED","STRESS",62,65,0.481517,1.12225
5,"LRED","STRESS",69,5,0.155857,0.084685
5,"LRED","STRESS",69,15,-0.094065,0.17224
5,"LRED","STRESS",69,25,0.564022,0.86073
5,"LRED","STRESS",69,35,0.747702,0.846455
5,"LRED","STRESS",69,45,1.165602,1.42628
5,"LRED","STRESS",69,55,0.473932,1.062525
5,"LRED","STRESS",69,65,0.800371,1.17474
5,"LRED","STRESS",83,5,0.122416,0.101415
5,"LRED","STRESS",83,15,0.922106,0.41969
5,"LRED","STRESS",83,25,0.511827,0.80053
5,"LRED","STRESS",83,35,0.530823,0.65706
5,"LRED","STRESS",83,45,0.603135,0.823815
5,"LRED","STRESS",83,55,0.38781,0.64377
5,"LRED","STRESS",83,65,0.61863,0.83041
5,"LRED","STRESS",90,5,0.14508,0.04784
5,"LRED","STRESS",90,15,0.395827,0.01748
5,"LRED","STRESS",90,25,0.584605,0.365205
5,"LRED","STRESS",90,35,1.52256,0.482285
5,"LRED","STRESS",90,45,0.993115,0.617605
5,"LRED","STRESS",90,55,0.893372,0.457385
5,"LRED","STRESS",90,65,0.881331,0.78574
6,"LRED","STRESS",14,5,0.224278,0
6,"LRED","STRESS",14,15,0.246198,0.547815
6,"LRED","STRESS",14,25,0.227821,0.08861
6,"LRED","STRESS",14,35,0.221807,0.09397
6,"LRED","STRESS",14,45,0.217664,0.07593
6,"LRED","STRESS",14,55,0.242284,0.13611
6,"LRED","STRESS",14,65,0.281037,0.10189
6,"LRED","STRESS",21,5,0.252556,0.47762
6,"LRED","STRESS",21,15,0.227626,1.80311
6,"LRED","STRESS",21,25,0.215992,0.26576
6,"LRED","STRESS",21,35,0.213817,0.14265
6,"LRED","STRESS",21,45,0.194804,0.209745
6,"LRED","STRESS",21,55,0.224635,0.369615
6,"LRED","STRESS",21,65,0.221703,0.16678
6,"LRED","STRESS",35,5,1.221929,0.26871
6,"LRED","STRESS",35,15,1.439594,1.09399
6,"LRED","STRESS",35,25,0.857701,1.425415
6,"LRED","STRESS",35,35,0.544123,1.231145
6,"LRED","STRESS",35,45,0.681484,1.09193
6,"LRED","STRESS",35,55,0.643324,0.826475
6,"LRED","STRESS",35,65,0.575491,0.35459
6,"LRED","STRESS",42,5,1.013274,0.2805
6,"LRED","STRESS",42,15,1.056576,0.76228
6,"LRED","STRESS",42,25,1.371899,2.05188
6,"LRED","STRESS",42,35,1.399142,2.111335
6,"LRED","STRESS",42,45,0.721592,1.5464
6,"LRED","STRESS",42,55,0.487421,1.99043
6,"LRED","STRESS",42,65,0.506759,1.18384
6,"LRED","STRESS",49,5,0.720554,0.20465
6,"LRED","STRESS",49,15,0.733866,0.2775
6,"LRED","STRESS",49,25,0.76004,0.81238
6,"LRED","STRESS",49,35,1.135017,0.952635
6,"LRED","STRESS",49,45,1.370172,1.01712
6,"LRED","STRESS",49,55,0.912104,0.91468
6,"LRED","STRESS",49,65,1.372462,0.72439
6,"LRED","STRESS",62,5,0.393919,0.15824
6,"LRED","STRESS",62,15,0.421518,0.38837
6,"LRED","STRESS",62,25,0.385153,1.101975
6,"LRED","STRESS",62,35,0.961005,1.169575
6,"LRED","STRESS",62,45,0.8962,1.577425
6,"LRED","STRESS",62,55,0.750111,1.54562
6,"LRED","STRESS",62,65,0.517643,1.35939
6,"LRED","STRESS",69,5,0.260883,0.06065
6,"LRED","STRESS",69,15,0.337785,0.44681
6,"LRED","STRESS",69,25,0.622169,1.10728
6,"LRED","STRESS",69,35,0.202494,1.06214
6,"LRED","STRESS",69,45,0.703994,1.27154
6,"LRED","STRESS",69,55,0.480531,1.640925
6,"LRED","STRESS",69,65,0.120485,1.19719
6,"LRED","STRESS",83,5,0.028301,0
6,"LRED","STRESS",83,15,-0.046648,0.338305
6,"LRED","STRESS",83,25,0.501173,1.11334
6,"LRED","STRESS",83,35,0.367576,1.058385
6,"LRED","STRESS",83,45,0.539223,1.005525
6,"LRED","STRESS",83,55,0.525808,0.948975
6,"LRED","STRESS",83,65,0.606007,0.82977
6,"LRED","STRESS",90,5,0.086451,0
6,"LRED","STRESS",90,15,0.031321,0.23391
6,"LRED","STRESS",90,25,0.443301,0.507865
6,"LRED","STRESS",90,35,1.268037,0.646215
6,"LRED","STRESS",90,45,0.672437,0.74517
6,"LRED","STRESS",90,55,0.680588,0.64361
6,"LRED","STRESS",90,65,0.768616,0.41674
